Name,Link,Type,Country
Direct Depot,http://www.directdepot.net,Auto Parts and Accessories,US
GoShop.biz,http://go-shop.biz,Household Electronics,US
Babyfavorsandgifts.com,http://babyfavorsandgifts.com,Baby and Child,US
Zeezamicro,http://www.zeezamicro.com,Chips and Components,US
Tawnys Treasures,http://tawnystreasures.com/catalog,Speciality Gifts,US
Rubartsgifts & Electronics,http://rubartsgifts-n-electronics.com,Hardware,US
Northern Roots Indoor Garden and Hydropnics Supply,http://www.northernrootsca.com/growpots/,Horticulture,US
Dreamscape Outdoor Living and Garden,http://www.yardproduct.com,Garden and Landscape and Patio,US
Direct Depot,http://www.directdepot.net,Energy and Solar,US
Christian gift Store,http://www.christiangifter.com,Religious Gifts,US
Amber Home Goods,http://www.amberhomegoods.com,Bed and Bath,US
Nice Items Unique Store,http://www.niceitems.info/index.php,Documents,US
